insert into book (id, pub_date, is_bestseller, slug, title, image, description, price, discount, rating, popular_index) values (1, '11/12/2021', 1, 'book-zps-647', 'Dead Man''s Burden', 'http://dummyimage.com/718x792.png/ff4444/ffffff', 'Sed vel enim sit amet nunc viverra dapibus. Nulla suscipit ligula in lacus. Curabitur at ipsum ac tellus semper interdum. Mauris ullamcorper purus sit amet nulla. Quisque arcu libero, rutrum ac, lobortis vel, dapibus at, diam. Nam tristique tortor eu pede.', 2573, 31, 3, 0);
insert into book (id, pub_date, is_bestseller, slug, title, image, description, price, discount, rating, popular_index) values (2, '08/12/2021', 1, 'book-hbz-365', 'The Missouri Breaks', 'http://dummyimage.com/726x568.png/ff4444/ffffff', 'Suspendisse potenti. In eleifend quam a odio. In hac habitasse platea dictumst. Maecenas ut massa quis augue luctus tincidunt. Nulla mollis molestie lorem.', 950, 30, 4, 0);
insert into book (id, pub_date, is_bestseller, slug, title, image, description, price, discount, rating, popular_index) values (3, '20/07/2022', 1, 'book-byp-041', 'Life During Wartime', 'http://dummyimage.com/488x750.png/ff4444/ffffff', 'Pellentesque viverra pede ac diam. Cras pellentesque volutpat dui. Maecenas tristique, est et tempus semper, est quam pharetra magna, ac consequat metus sapien ut nunc. Vestibulum ante ipsum primis in faucibus orci luctus et ultrices posuere cubilia Curae; Mauris viverra diam vitae quam. Suspendisse potenti.', 291, 17, 5, 0);
insert into book (id, pub_date, is_bestseller, slug, title, image, description, price, discount, rating, popular_index) values (4, '11/01/2022', 1, 'book-wew-112', 'Last Ride', 'http://dummyimage.com/617x281.png/cc0000/ffffff', 'Etiam pretium iaculis justo. In hac habitasse platea dictumst. Etiam faucibus cursus urna. Ut tellus. Nulla ut erat id mauris vulputate elementum. Nullam varius.', 1236, 34, 3, 0);
insert into book (id, pub_date, is_bestseller, slug, title, image, description, price, discount, rating, popular_index) values (5, '14/09/2022', 0, 'book-xyf-671', 'Fast and the Furious, The', 'http://dummyimage.com/722x424.png/ff4444/ffffff', 'Integer ac neque. Duis bibendum. Morbi non quam nec dui luctus rutrum. Nulla tellus. In sagittis dui vel nisl. Duis ac nibh.', 1177, 39, 2, 0);
insert into book (id, pub_date, is_bestseller, slug, title, image, description, price, discount, rating, popular_index) values (6, '13/11/2021', 1, 'book-ist-769', 'Remember Me', 'http://dummyimage.com/502x491.png/ff4444/ffffff', 'Pellentesque ultrices mattis odio. Donec vitae nisi. Nam ultrices, libero non mattis pulvinar, nulla pede ullamcorper augue, a suscipit nulla elit ac nulla. Sed vel enim sit amet nunc viverra dapibus. Nulla suscipit ligula in lacus.', 1575, 40, 0, 0);
insert into book (id, pub_date, is_bestseller, slug, title, image, description, price, discount, rating, popular_index) values (7, '06/04/2022', 1, 'book-lvf-600', 'Sunset Strip', 'http://dummyimage.com/264x394.png/5fa2dd/ffffff', 'Vivamus vel nulla eget eros elementum pellentesque. Quisque porta volutpat erat. Quisque erat eros, viverra eget, congue eget, semper rutrum, nulla. Nunc purus. Phasellus in felis. Donec semper sapien a libero.', 2564, 34, 4, 0);
insert into book (id, pub_date, is_bestseller, slug, title, image, description, price, discount, rating, popular_index) values (8, '20/10/2022', 1, 'book-xvd-064', 'Wee Willie Winkie', 'http://dummyimage.com/355x443.png/ff4444/ffffff', 'Nulla tellus. In sagittis dui vel nisl. Duis ac nibh. Fusce lacus purus, aliquet at, feugiat non, pretium quis, lectus. Suspendisse potenti. In eleifend quam a odio.', 1153, 11, 0, 0);
insert into book (id, pub_date, is_bestseller, slug, title, image, description, price, discount, rating, popular_index) values (9, '19/02/2022', 1, 'book-bva-614', 'Mr Reliable', 'http://dummyimage.com/704x291.png/cc0000/ffffff', 'Donec posuere metus vitae ipsum. Aliquam non mauris. Morbi non lectus. Aliquam sit amet diam in magna bibendum imperdiet. Nullam orci pede, venenatis non, sodales sed, tincidunt eu, felis.', 832, 6, 0, 0);
insert into book (id, pub_date, is_bestseller, slug, title, image, description, price, discount, rating, popular_index) values (10, '02/10/2022', 1, 'book-uov-326', 'Three Faces East', 'http://dummyimage.com/496x295.png/ff4444/ffffff', 'Etiam justo. Etiam pretium iaculis justo. In hac habitasse platea dictumst. Etiam faucibus cursus urna. Ut tellus.', 2402, 20, 4, 0);
insert into book (id, pub_date, is_bestseller, slug, title, image, description, price, discount, rating, popular_index) values (11, '08/10/2022', 0, 'book-xpn-893', 'One Husband Too Many', 'http://dummyimage.com/661x587.png/cc0000/ffffff', 'Morbi porttitor lorem id ligula. Suspendisse ornare consequat lectus. In est risus, auctor sed, tristique in, tempus sit amet, sem. Fusce consequat. Nulla nisl. Nunc nisl.', 784, 17, 0, 0);
insert into book (id, pub_date, is_bestseller, slug, title, image, description, price, discount, rating, popular_index) values (12, '07/05/2022', 0, 'book-jqm-095', 'Charlie Victor Romeo', 'http://dummyimage.com/288x409.png/ff4444/ffffff', 'Nam dui. Proin leo odio, porttitor id, consequat in, consequat ut, nulla. Sed accumsan felis. Ut at dolor quis odio consequat varius. Integer ac leo.', 1157, 31, 0, 0);
insert into book (id, pub_date, is_bestseller, slug, title, image, description, price, discount, rating, popular_index) values (13, '05/02/2022', 1, 'book-dbx-904', 'Legendary', 'http://dummyimage.com/270x551.png/cc0000/ffffff', 'Duis aliquam convallis nunc. Proin at turpis a pede posuere nonummy. Integer non velit. Donec diam neque, vestibulum eget, vulputate ut, ultrices vel, augue. Vestibulum ante ipsum primis in faucibus orci luctus et ultrices posuere cubilia Curae; Donec pharetra, magna vestibulum aliquet ultrices, erat tortor sollicitudin mi, sit amet lobortis sapien sapien non mi. Integer ac neque.', 1301, 42, 1, 0);
insert into book (id, pub_date, is_bestseller, slug, title, image, description, price, discount, rating, popular_index) values (14, '19/05/2022', 0, 'book-ycm-310', 'Forest of the Gods (Dievu miskas)', 'http://dummyimage.com/256x787.png/5fa2dd/ffffff', 'Donec semper sapien a libero. Nam dui. Proin leo odio, porttitor id, consequat in, consequat ut, nulla. Sed accumsan felis. Ut at dolor quis odio consequat varius. Integer ac leo.', 2802, 32, 1, 0);
insert into book (id, pub_date, is_bestseller, slug, title, image, description, price, discount, rating, popular_index) values (15, '17/09/2022', 1, 'book-bxs-302', 'Pandora''s Box (Pandora''nin kutusu)', 'http://dummyimage.com/378x507.png/ff4444/ffffff', 'Donec posuere metus vitae ipsum. Aliquam non mauris. Morbi non lectus. Aliquam sit amet diam in magna bibendum imperdiet. Nullam orci pede, venenatis non, sodales sed, tincidunt eu, felis.', 2865, 29, 3, 0);
insert into book (id, pub_date, is_bestseller, slug, title, image, description, price, discount, rating, popular_index) values (16, '08/01/2022', 0, 'book-tgk-212', 'Reflections in a Golden Eye', 'http://dummyimage.com/757x498.png/cc0000/ffffff', 'Duis ac nibh. Fusce lacus purus, aliquet at, feugiat non, pretium quis, lectus. Suspendisse potenti. In eleifend quam a odio. In hac habitasse platea dictumst.', 2485, 40, 3, 0);
insert into book (id, pub_date, is_bestseller, slug, title, image, description, price, discount, rating, popular_index) values (17, '07/08/2022', 1, 'book-cph-963', 'California Split', 'http://dummyimage.com/561x446.png/5fa2dd/ffffff', 'Phasellus in felis. Donec semper sapien a libero. Nam dui. Proin leo odio, porttitor id, consequat in, consequat ut, nulla. Sed accumsan felis. Ut at dolor quis odio consequat varius.', 537, 6, 3, 0);
insert into book (id, pub_date, is_bestseller, slug, title, image, description, price, discount, rating, popular_index) values (18, '21/03/2022', 0, 'book-zav-018', 'Little City', 'http://dummyimage.com/680x458.png/dddddd/000000', 'Aenean fermentum. Donec ut mauris eget massa tempor convallis. Nulla neque libero, convallis eget, eleifend luctus, ultricies eu, nibh. Quisque id justo sit amet sapien dignissim vestibulum. Vestibulum ante ipsum primis in faucibus orci luctus et ultrices posuere cubilia Curae; Nulla dapibus dolor vel est.', 1668, 25, 1, 0);
insert into book (id, pub_date, is_bestseller, slug, title, image, description, price, discount, rating, popular_index) values (19, '08/04/2022', 1, 'book-qhn-003', 'Women Art Revolution', 'http://dummyimage.com/774x620.png/5fa2dd/ffffff', 'Lorem ipsum dolor sit amet, consectetuer adipiscing elit. Proin risus. Praesent lectus. Vestibulum quam sapien, varius ut, blandit non, interdum in, ante. Vestibulum ante ipsum primis in faucibus orci luctus et ultrices posuere cubilia Curae; Duis faucibus accumsan odio. Curabitur convallis.', 1910, 37, 1, 0);
insert into book (id, pub_date, is_bestseller, slug, title, image, description, price, discount, rating, popular_index) values (20, '12/05/2022', 0, 'book-qob-758', 'Oxygen', 'http://dummyimage.com/571x585.png/5fa2dd/ffffff', 'Donec quis orci eget orci vehicula condimentum. Curabitur in libero ut massa volutpat convallis. Morbi odio odio, elementum eu, interdum eu, tincidunt in, leo. Maecenas pulvinar lobortis est. Phasellus sit amet erat.', 1564, 43, 0, 0);
insert into book (id, pub_date, is_bestseller, slug, title, image, description, price, discount, rating, popular_index) values (21, '19/08/2022', 1, 'book-gwt-488', 'Micmacs (Micmacs à tire-larigot)', 'http://dummyimage.com/388x458.png/ff4444/ffffff', 'Sed vel enim sit amet nunc viverra dapibus. Nulla suscipit ligula in lacus. Curabitur at ipsum ac tellus semper interdum. Mauris ullamcorper purus sit amet nulla. Quisque arcu libero, rutrum ac, lobortis vel, dapibus at, diam.', 2138, 40, 1, 0);
insert into book (id, pub_date, is_bestseller, slug, title, image, description, price, discount, rating, popular_index) values (22, '10/09/2022', 0, 'book-fev-902', 'Molly Maxwell', 'http://dummyimage.com/327x291.png/ff4444/ffffff', 'Praesent lectus. Vestibulum quam sapien, varius ut, blandit non, interdum in, ante. Vestibulum ante ipsum primis in faucibus orci luctus et ultrices posuere cubilia Curae; Duis faucibus accumsan odio. Curabitur convallis. Duis consequat dui nec nisi volutpat eleifend. Donec ut dolor.', 2175, 16, 0, 0);
insert into book (id, pub_date, is_bestseller, slug, title, image, description, price, discount, rating, popular_index) values (23, '20/06/2022', 1, 'book-qnf-535', 'Moon Zero Two', 'http://dummyimage.com/688x510.png/5fa2dd/ffffff', 'Donec vitae nisi. Nam ultrices, libero non mattis pulvinar, nulla pede ullamcorper augue, a suscipit nulla elit ac nulla. Sed vel enim sit amet nunc viverra dapibus. Nulla suscipit ligula in lacus. Curabitur at ipsum ac tellus semper interdum.', 1575, 28, 1, 0);
insert into book (id, pub_date, is_bestseller, slug, title, image, description, price, discount, rating, popular_index) values (24, '27/04/2022', 0, 'book-koa-749', 'SpongeBob Movie: Sponge Out of Water, The', 'http://dummyimage.com/518x490.png/dddddd/000000', 'In hac habitasse platea dictumst. Morbi vestibulum, velit id pretium iaculis, diam erat fermentum justo, nec condimentum neque sapien placerat ante. Nulla justo. Aliquam quis turpis eget elit sodales scelerisque. Mauris sit amet eros.', 716, 46, 2, 0);
insert into book (id, pub_date, is_bestseller, slug, title, image, description, price, discount, rating, popular_index) values (25, '31/01/2022', 0, 'book-hrf-593', 'Sebastiane', 'http://dummyimage.com/257x589.png/cc0000/ffffff', 'Suspendisse ornare consequat lectus. In est risus, auctor sed, tristique in, tempus sit amet, sem. Fusce consequat. Nulla nisl. Nunc nisl.', 2660, 27, 1, 0);
insert into book (id, pub_date, is_bestseller, slug, title, image, description, price, discount, rating, popular_index) values (26, '21/11/2021', 0, 'book-khv-530', 'This Special Friendship (Les amitiés particulières)', 'http://dummyimage.com/480x635.png/dddddd/000000', 'In blandit ultrices enim. Lorem ipsum dolor sit amet, consectetuer adipiscing elit. Proin interdum mauris non ligula pellentesque ultrices. Phasellus id sapien in sapien iaculis congue. Vivamus metus arcu, adipiscing molestie, hendrerit at, vulputate vitae, nisl. Aenean lectus.', 1337, 22, 1, 0);
insert into book (id, pub_date, is_bestseller, slug, title, image, description, price, discount, rating, popular_index) values (27, '26/04/2022', 0, 'book-hsu-672', 'Breaking the Maya Code', 'http://dummyimage.com/315x707.png/5fa2dd/ffffff', 'Maecenas pulvinar lobortis est. Phasellus sit amet erat. Nulla tempus. Vivamus in felis eu sapien cursus vestibulum. Proin eu mi.', 300, 7, 1, 0);
insert into book (id, pub_date, is_bestseller, slug, title, image, description, price, discount, rating, popular_index) values (28, '14/12/2021', 1, 'book-iby-280', 'Dark Angel: Ascent, The', 'http://dummyimage.com/800x773.png/cc0000/ffffff', 'Vivamus vestibulum sagittis sapien. Cum sociis natoque penatibus et magnis dis parturient montes, nascetur ridiculus mus. Etiam vel augue. Vestibulum rutrum rutrum neque. Aenean auctor gravida sem. Praesent id massa id nisl venenatis lacinia.', 667, 8, 5, 0);
insert into book (id, pub_date, is_bestseller, slug, title, image, description, price, discount, rating, popular_index) values (29, '05/05/2022', 1, 'book-zbd-267', 'Red Cliff Part II (Chi Bi Xia: Jue Zhan Tian Xia)', 'http://dummyimage.com/355x515.png/5fa2dd/ffffff', 'Aliquam erat volutpat. In congue. Etiam justo. Etiam pretium iaculis justo. In hac habitasse platea dictumst. Etiam faucibus cursus urna.', 519, 19, 1, 0);
insert into book (id, pub_date, is_bestseller, slug, title, image, description, price, discount, rating, popular_index) values (30, '25/01/2022', 1, 'book-dnj-176', 'Lady Terminator (Pembalasan ratu pantai selatan)', 'http://dummyimage.com/601x528.png/5fa2dd/ffffff', 'Praesent lectus. Vestibulum quam sapien, varius ut, blandit non, interdum in, ante. Vestibulum ante ipsum primis in faucibus orci luctus et ultrices posuere cubilia Curae; Duis faucibus accumsan odio. Curabitur convallis. Duis consequat dui nec nisi volutpat eleifend.', 481, 6, 0, 0);

insert into users (id, hash, reg_time, balance, name) values (1, '125-92-7549', '01/08/2021', 0, 'Service User');
insert into users (id, hash, reg_time, balance, name) values (2, '125-92-7549', '01/08/2021', 3221, 'Euphemia Gueinn');
insert into users (id, hash, reg_time, balance, name) values (3, '125-92-7549', '01/08/2021', 0, 'Gueinn');

insert into user_contact (id, approved, code, code_time, code_trials, contact, type, user_id)
values (1, 1, '777 777', CURRENT_TIMESTAMP, 0, 'test@mail.ru', 'EMAIL', 2);
insert into user_contact (id, approved, code, code_time, code_trials, contact, type, user_id)
values (2, 1, null, null, 0, '72223334455', 'PHONE', 2);
insert into user_contact (id, approved, code, code_time, code_trials, contact, type, user_id)
values (3, 1, null, null, 0, 'testemail@mail.ru', 'EMAIL', 1);
insert into user_contact (id, approved, code, code_time, code_trials, contact, type, user_id)
values (4, 1, null, null, 0, '79991112233', 'PHONE', 1);
insert into user_contact (id, approved, code, code_time, code_trials, contact, type, user_id)
values (5, 0, '777 777', CURRENT_TIMESTAMP, 0, 'testNotApprove@mail.ru', 'EMAIL', 1);
insert into user_contact (id, approved, code, code_time, code_trials, contact, type, user_id)
values (6, 1, '777 777', CURRENT_TIMESTAMP, 5, 'testTrials@mail.ru', 'EMAIL', 1);
insert into user_contact (id, approved, code, code_time, code_trials, contact, type, user_id)
values (7, 1, '777 777', '01/08/2021', 0, 'testExpired@mail.ru', 'EMAIL', 1);
insert into user_contact (id, approved, code, code_time, code_trials, contact, type, user_id)
values (8, 0, null, null, 0, 'testRegConfirm@mail.ru', 'EMAIL', 1);
insert into user_contact (id, approved, code, code_time, code_trials, contact, type, user_id)
values (9, 0, null, null, 0, '79991234567', 'PHONE', 1);
insert into user_contact (id, approved, code, code_time, code_trials, contact, type, user_id)
values (10, 1, null, null, 0, 'testLoginConfirm@mail.ru', 'EMAIL', 3);
insert into user_contact (id, approved, code, code_time, code_trials, contact, type, user_id)
values (11, 1, null, null, 0, '79995556644', 'PHONE', 3);

insert into book2user_type (id, code, name) values (1, 'KEPT', 'Отложена');
insert into book2user_type (id, code, name) values (2, 'CART', 'В корзине');
insert into book2user_type (id, code, name) values (3, 'PAID', 'Куплена');
insert into book2user_type (id, code, name) values (4, 'ARCHIVED', 'В архиве');

insert into book2user (book_id, user_id, type_id, time) values (1, 2, 1, '26/06/2022');
insert into book2user (book_id, user_id, type_id, time) values (5, 2, 2, '29/08/2022');
insert into book2user (book_id, user_id, type_id, time) values (10, 2, 3, '02/11/2021');
insert into book2user (book_id, user_id, type_id, time) values (15, 2, 4, '14/08/2022');